Product ID,Published State,Purchase Type,Auto Translate,Locale; Title; Description,Auto Fill Prices,Price,Pricing Template ID
com.rhombeusgaming.01,published,managed_by_android,false,en_US;Rhombeus Gaming;Rhombeus Gaming,true,3990000,
com.rhombeusgaming.02,published,managed_by_android,false,en_US;Rhombeus Gaming;Rhombeus Gaming,true,6990000,
com.rhombeusgaming.03,published,managed_by_android,false,en_US;Rhombeus Gaming;Rhombeus Gaming,true,15990000,
com.rhombeusgaming.04,published,managed_by_android,false,en_US;Rhombeus Gaming;Rhombeus Gaming,true,35990000,
com.rhombeusgaming.05,published,managed_by_android,false,en_US;Rhombeus Gaming;Rhombeus Gaming,true,94990000,
com.rhombeusgaming.11,published,managed_by_android,false,en_US;Rhombeus Gaming;Rhombeus Gaming,true,5990000,
com.rhombeusgaming.12,published,managed_by_android,false,en_US;Rhombeus Gaming;Rhombeus Gaming,true,9990000,
com.rhombeusgaming.13,published,managed_by_android,false,en_US;Rhombeus Gaming;Rhombeus Gaming,true,29990000,
com.rhombeusgaming.14,published,managed_by_android,false,en_US;Rhombeus Gaming;Rhombeus Gaming,true,69990000,
